id,kind,acct,opened,symbol,setup,entry,target,strike,expiry,contracts,status,closed,exit,pl_pct,note
2026-09-03-NFLX-sh,shares,paper,2026-09-03,NFLX,E,82.67,126.71,,,,open,,,,paper
2026-09-03-IBM-sh,shares,paper,2026-09-03,IBM,E,234.71,332.46,,,,open,,,,paper
2026-09-03-AVGO-sh,shares,paper,2026-09-03,AVGO,E,357.16,495.00,,,,open,,,,paper
2026-09-03-WDAY-sh,shares,paper,2026-09-03,WDAY,D,206.92,249.85,,,,open,,,,paper
2026-09-03-MSFT-sh,shares,paper,2026-09-03,MSFT,D,510.12,553.72,,,,open,,,,paper
2026-09-08-BE-sh,shares,paper,2026-09-08,BE,F,277.22,351.28,,,,open,,,,"fires Setup C AND F. NOT in the tested universe, +386% on the year — untested situation"
2026-09-08-HOOD-sh,shares,paper,2026-09-08,HOOD,F,117.34,153.86,,,,open,,,,"matches the backtest profile: real pullback, +62% revenue"
2026-09-08-MU-sh,shares,paper,2026-09-08,MU,F,1000.26,1255.00,,,,open,,,,"+200% revenue. EARNINGS 2026-09-30, 22 days out"
2026-09-08-SHOP-sh,shares,paper,2026-09-08,SHOP,F,134.10,182.19,,,,open,,,,+46% revenue. Option already held in both option books
2026-09-04-DOCU-big,call,big,2026-09-04,DOCU,E,26.23,86.65,37.5,2027-01-15,1,open,,,,
2026-09-04-DOCU-small,call,small,2026-09-04,DOCU,E,4.88,86.65,65,2026-10-16,1,open,,,,
2026-09-04-WDAY-big,call,big,2026-09-04,WDAY,E,37.85,249.85,170,2026-12-18,1,open,,,,
2026-09-04-SHOP-big,call,big,2026-09-04,SHOP,E,27.93,182.19,120,2026-10-02,1,closed,2026-10-02,28.30,1.3,expired at intrinsic
2026-09-10-PYPL-real,call,real,2026-09-10,PYPL,none,1.66,56.00,53,2026-09-25,2,closed,2026-09-11,1.91,15.1,"REAL. Bought $1.66, sold $1.91 Friday 09-11: under the 10 EMA, weekend theta, never passed a setup. +$50."
2026-09-11-QCOM-sh,shares,paper,2026-09-11,QCOM,C,183.57,259.92,,,,open,,,,"Setup C fired (cross+regime+breakout). Breadth 73% fails the <65% filter. VIX 15.7 CALM. Revenue only +4%, fails F. Chart signal only."
2026-09-14-BABA-real,call,real,2026-09-14,BABA,none,4.35,116.00,109,2026-10-02,1,closed,2026-09-16,3.39,-22.1,"REAL. 1x 109C 10/2 at $4.25. Fails the F trend filter (10<30, 50<200), 88% time value, 18 DTE. Plan: sell at $116 (30 EMA) or +100%; cut on a close under $107.72; out by 09-29 unless past $113.25. CLOSED 2026-09-16 at $3.43 (-82). Row was left open by mistake after the close was logged in TAKEN; the site showed it as a live real position for six days. Fills corrected from Schwab history 09-26."
2026-09-16-NOW,shares,paper,2026-09-16,NOW,F,141.26,194.73,,,,open,,,,"Setup F complete: 27.5% below high, revenue +29.4%, and the 50 EMA crossed the 200 TODAY (125.13 vs 124.96) after weeks in the halfway state. That cross is the 88%-win entry from halfway.md. The cross is thin — 0.17 points."
2026-09-16-NOW-call,call,small,2026-09-16,NOW,F,5.95,194.73,176,2026-12-18,1,open,,,,"The same signal bought the way Arrington prefers: $176C Dec-18 at $5.95, the only call under $600. 100% time value, needs +29.4%. Paired with the NOW share trade opened the same day so the two structures can be compared on one signal."
2026-09-17-NOW-170c,call,small,2026-09-17,NOW,F,4.72,184.72,170,2026-11-20,1,open,,,,"Stock $140.01. Setup F, 50/200 cross held through the Fed. $170C Nov-20, 100% time value, needs +32%. Target = +$1,000 on one contract."
2026-09-17-QCOM-240c,call,small,2026-09-17,QCOM,C,3.72,253.72,240,2026-11-20,1,open,,,,"Stock $190.62. Setup C fired 09-15, breadth fails, revenue +4% fails F. Up 12.6% in ten sessions — the chase. $240C Nov-20, needs +33%. Target = +$1,000."
2026-09-16-BABA-paper,call,paper,2026-09-16,BABA,none,4.25,116.00,109,2026-10-02,1,closed,2026-09-21,8.35,96.5,"PAPER re-entry after the real 109C was sold at -$82 on 09-16 -- the 'keep up with the level, buy again' idea from the post-mortem. Entry $4.25 as tracked all week; confirm the actual re-entry price if it differed. Was mislabelled real until 09-22. Closed 09-21 when BABA first traded $116 (high 116.20, the plan's sell level); 109C closed $8.35 that day."
2026-09-23-QQQ-real,call,real,2026-09-23,QQQ,none,2.27,,748,2026-09-25,1,closed,2026-09-23,1.14,-49.8,"REAL. 1x 748C 9/25 at $2.24, sold $1.00 same day: -$124. No setup fired on QQQ; 2 DTE, bought with QQQ 1% off its high. Contract count assumed 1 -- fix if more. Fills corrected from Schwab history 09-26."
2026-09-23-NOW-auto,shares,paper-auto,2026-09-23,NOW,F,140.62,194.73,,,4,open,,,,"Paper bot. Setup F fired; 4 shares at market, GTC sell at the target."
2026-09-23-BE-auto,shares,paper-auto,2026-09-23,BE,F,275.02,351.28,,,2,open,,,,"Paper bot. Setup F fired; 2 shares at market, GTC sell at the target."
2026-09-24-HOOD-auto,shares,paper-auto,2026-09-24,HOOD,F,122.36,153.86,,,4,open,,,,"Paper bot. Setup F fired; 4 shares at market, GTC sell at the target."
2026-09-24-SHOP-auto,shares,paper-auto,2026-09-24,SHOP,F,142.56,182.19,,,4,open,,,,"Paper bot. Setup F fired; 4 shares at market, GTC sell at the target."
2026-09-24-NOW-real,shares,real,2026-09-24,NOW,F,138.11,194.73,,,1,open,,,,"REAL. 1 share of NOW on the Setup F fire, target the prior high $194.73, no stop. Fill $138.11 per Schwab. PLAN 10-08: stop = NOW closes under $126.75 (20-day low, at the 200-day) -> sell (-8%). Close over $149.60 = breakout; at the $192.97 target the stop moves up to it."
2026-09-11-QCOM-175c,call,big,2026-09-11,QCOM,C,15.58,,175,2026-10-16,1,open,,,,"The QCOM call quoted 09-11: $175C Oct-16 at $1,558, QCOM $183.89, Setup C fired. 0.67 delta, 43% time value, over the $600 cap. Tracked as paper."
2026-09-26-SG-real,shares,real,2026-09-26,SG,none,6.9406,,,,228,open,,,,"REAL. Held in Schwab; opened before it was logged here (date unknown). Entry = Schwab cost basis. No setup recorded. PLAN 10-08: protect the gain -- SG closes under $7.96 (30-day EMA) -> sell half (locks ~+15%); under $6.61 (20-day low) -> sell the rest. New 1-year high $10.63 -> sell a quarter (SG is ~25% of the account, over the 7% rule)."
2026-09-26-SG-3c-real,call,real,2026-09-26,SG,none,4.6566,,3,2028-01-21,1,open,,,,"REAL. Held in Schwab; opened before it was logged here (date unknown). Entry = Schwab cost basis. No setup recorded. PLAN 10-08: same SG levels; long-dated and in the money, so hold unless SG closes under $6.61."
2026-09-26-SNAP-5c-real,call,real,2026-09-26,SNAP,none,2.3466,,5,2028-01-21,2,open,,,,"REAL. Held in Schwab; opened before it was logged here (date unknown). Entry = Schwab cost basis. No setup recorded. PLAN 10-08: SNAP closes under $5.18 (20-day low) -> sell one of the two; under $4.28 (60-day low) -> sell the other. Over $6.07 = breakout, hold."
2026-09-25-QQQ-750c-real,call,real,2026-09-25,QQQ,none,5.65,,750,2026-10-05,1,closed,2026-09-25,4.96,-12.2,REAL. From Schwab order history (pasted 09-26). No setup. Stop market $5.00 hit.
2026-09-22-QQQ-752c-real,call,real,2026-09-22,QQQ,none,1.38,,752,2026-09-24,1,closed,2026-09-22,1.44,4.3,REAL. From Schwab order history (pasted 09-26). No setup.
2026-09-18-BE-275c-real,call,real,2026-09-18,BE,none,2.25,,275,2026-09-18,1,closed,2026-09-18,1.90,-15.6,REAL. From Schwab order history (pasted 09-26). No setup. 0 days to expiry.
2026-09-18-BABA-113c-real,call,real,2026-09-18,BABA,none,0.66,,113,2026-09-18,1,closed,2026-09-18,0.75,13.6,REAL. From Schwab order history (pasted 09-26). No setup. 0 days to expiry.
2026-08-28-AMZN-272.5c-real,call,real,2026-08-28,AMZN,none,4.85,,272.5,2026-09-18,1,closed,2026-09-03,1.70,-64.9,REAL. From Schwab order history (pasted 09-26). No setup.
2026-09-02-AMZN-257.5c-real,call,real,2026-09-02,AMZN,none,1.67,,257.5,2026-09-04,1,closed,2026-09-02,1.36,-18.6,REAL. From Schwab order history (pasted 09-26). No setup.
2026-09-01-AMZN-257.5c-real,call,real,2026-09-01,AMZN,none,2.17,,257.5,2026-09-04,1,closed,2026-09-01,2.13,-1.8,REAL. From Schwab order history (pasted 09-26). No setup.
2026-08-28-QQQ-720c-real,call,real,2026-08-28,QQQ,none,8.45,,720,2026-09-09,1,closed,2026-08-28,7.12,-15.7,REAL. From Schwab order history (pasted 09-26). No setup.
2026-08-27-AAPL-315c-real,call,real,2026-08-27,AAPL,none,2.47,,315,2026-08-31,1,closed,2026-08-27,2.78,12.6,REAL. From Schwab order history (pasted 09-26). No setup.
2026-09-28-NOW-leap,call,bot-leaps,2026-09-28,NOW,F,47.25,192.97,135,2028-12-15,1,open,,,,"F LEAPS. 1x $135C 2028-12-15 (~2 years), 7% of a $100k book. Sells when the stock reaches $192.97 or 30 days before expiry."
2026-09-28-SHOP-leap,call,bot-leaps,2026-09-28,SHOP,F,53.50,182.19,140,2028-12-15,1,open,,,,"F LEAPS. 1x $140C 2028-12-15 (~2 years), 7% of a $100k book. Sells when the stock reaches $182.19 or 30 days before expiry."
2026-09-28-HOOD-leap,call,bot-leaps,2026-09-28,HOOD,F,50.00,153.86,120,2028-12-15,1,open,,,,"F LEAPS. 1x $120C 2028-12-15 (~2 years), 7% of a $100k book. Sells when the stock reaches $153.86 or 30 days before expiry."
2026-09-30-ZS-f,shares,bot,2026-09-30,ZS,F,200.79,336.99,,,34,open,,,,"Pure Setup F. 34 shares, 7% of equity. Target $336.99; no stop; floor at the target once reached; out at 252 sessions."
2026-10-01-ZS-leap,call,bot-leaps,2026-10-01,ZS,F,69.25,336.99,200,2028-06-16,1,open,,,,"F LEAPS. 1x $200C 2028-06-16 (~2 years), 7% of a $100k book. Sells when the stock reaches $336.99 or 30 days before expiry."
2026-09-28-QQQ-745c-real,call,real,2026-09-28,QQQ,none,2.81,,745,2026-10-02,1,closed,2026-09-28,1.99,-29.2,REAL. From Schwab order history (pasted 10-01). No setup; 2-4 days to expiry.
2026-09-30-QQQ-746c-real,call,real,2026-09-30,QQQ,none,2.48,,746,2026-10-02,1,closed,2026-09-30,2.93,18.1,REAL. From Schwab order history (pasted 10-01). No setup; 2-4 days to expiry.
2026-09-30-QQQ-746c-realb,call,real,2026-09-30,QQQ,none,3.04,,746,2026-10-02,1,closed,2026-09-30,2.99,-1.6,REAL. From Schwab order history (pasted 10-01). No setup; 2-4 days to expiry.
2026-09-30-PLTR-192.5c-real,call,real,2026-09-30,PLTR,none,1.70,,192.5,2026-10-02,1,closed,2026-09-30,1.85,8.8,REAL. From Schwab order history (pasted 10-01). No setup; 2-4 days to expiry.
2026-09-30-PLTR-190c-real,call,real,2026-09-30,PLTR,none,2.54,,190,2026-10-02,1,closed,2026-09-30,2.59,2.0,REAL. From Schwab order history (pasted 10-01). No setup; 2-4 days to expiry.
2026-10-07-AMZN-260c-real,call,real,2026-10-07,AMZN,none,5.16,,260,2026-10-21,1,closed,2026-10-08,3.42,-33.7,"REAL. Schwab 10-07, cost basis $515.66. No setup (his call; 10% under the 1y high, 10/30 EMA cross pending). Expires before the Oct 29 earnings. PLAN: AMZN closes above $260 = breakout (back in the rising channel; 1y high $287.78). At the call ~$7.75 (+50%) sell half and move the stop on the rest to $5.16 (entry). Cut at ~$2.50 or an AMZN close under $250. Out by Oct 16 if neither. CLOSED 10-08: sold both AMZN calls (traveling, can't watch). Exit = Schwab mark at 11:29 -- replace with the real fill."
2026-10-08-AVGO-f,shares,bot,2026-10-08,AVGO,F,371.20,495.00,,,18,open,,,,"Pure Setup F. 18 shares, 7% of equity. Target $495.00; no stop; held 252 sessions, no exit at the target (paper test since 10-06)."
2026-10-08-NFLX-69c-real,call,real,2026-10-08,NFLX,none,6.23,,69,2026-12-18,1,open,,,,"REAL. Schwab app 10-08. Cost basis $622.66 (Schwab 10-09). No setup: NFLX 43% under its 1y high, 10<30<50<200 EMA (downtrend). Holds through the Oct 20 earnings. PLAN 10-08: NFLX closes under $66.54 (20-day low) -> cut. Close over $72.80 (30-day EMA) = trend turning. Call at ~$9.75 (+50%) -> sell half, stop the rest at $6.49. Decide before the Oct 20 earnings."
2026-10-08-AMZN-255c-real,call,real,2026-10-08,AMZN,none,5.92,,255,2026-10-23,1,closed,2026-10-08,6.40,8.1,"REAL. Schwab 10-08, cost basis $591.66. Added alongside the Oct 21 260C (not a roll) -- AMZN total $1,107, ~9% of the account (over the 7% rule). PLAN: stop both if AMZN closes a 15-min bar under $253.50 (today's low / daily 30 EMA); take profit $257-258; both-call breakeven at expiry ~$263. Expires before the Oct 29 earnings. CLOSED 10-08: sold both AMZN calls (traveling, can't watch). Exit = Schwab mark at 11:29 -- replace with the real fill."
2026-10-09-NOW-140c-real,call,real,2026-10-09,NOW,none,3.87,,140,2026-10-16,1,open,,,,REAL. Seen in Schwab 10-09 (mark $4.20); cost basis $386.66 (Schwab 10-09). 7 days to expiry. PLAN: stop = NOW under $137.50 (10-day EMA $137.62); take profit near the $147.57 20-day high (call ~$8); out by Oct 15 if neither.
2026-10-09-QQQ-751c-real,call,real,2026-10-09,QQQ,none,1.03,,751,2026-10-09,1,closed,2026-10-09,0.85,-17.5,"REAL. 'Test the water', ~$100, same-day expiry assumed (confirm). No setup. Needs QQQ > $752 at the close to make money; close it before 4 PM ET if it is in the money (auto-exercise = 100 shares, ~$75k). CLOSED 10-09 near QQQ $750 (didn't expect $751). Exit ~0.85 estimated -- replace with the fill."
